<ImportExportXml version="9.2.25113.164" SolutionPackageVersion="9.2" languagecode="1033" generatedBy="CrmLive" xmlns:xsi="http://www.w3.org/2001/XMLSchema-instance" OrganizationVersion="9.2.25113.164" OrganizationSchemaType="Full" CRMServerServiceabilityVersion="9.2.25114.00192">
  <SolutionManifest>
    <UniqueName>DanTemp</UniqueName>
    <LocalizedNames>
      <LocalizedName description="Dan Temp" languagecode="1033" />
    </LocalizedNames>
    <Descriptions />
    <Version>1.0.0.1</Version>
    <Managed>0</Managed>
    <Publisher>
      <UniqueName>microsoftfederal</UniqueName>
      <LocalizedNames>
        <LocalizedName description="Microsoft Federal" languagecode="1033" />
      </LocalizedNames>
      <Descriptions>
        <Description description="Microsoft Federal" languagecode="1033" />
      </Descriptions>
      <EMailAddress xsi:nil="true"></EMailAddress>
      <SupportingWebsiteUrl xsi:nil="true"></SupportingWebsiteUrl>
      <CustomizationPrefix>msfed</CustomizationPrefix>
      <CustomizationOptionValuePrefix>43247</CustomizationOptionValuePrefix>
      <Addresses>
        <Address>
          <AddressNumber>1</AddressNumber>
          <AddressTypeCode>1</AddressTypeCode>
          <City xsi:nil="true"></City>
          <County xsi:nil="true"></County>
          <Country xsi:nil="true"></Country>
          <Fax xsi:nil="true"></Fax>
          <FreightTermsCode xsi:nil="true"></FreightTermsCode>
          <ImportSequenceNumber xsi:nil="true"></ImportSequenceNumber>
          <Latitude xsi:nil="true"></Latitude>
          <Line1 xsi:nil="true"></Line1>
          <Line2 xsi:nil="true"></Line2>
          <Line3 xsi:nil="true"></Line3>
          <Longitude xsi:nil="true"></Longitude>
          <Name xsi:nil="true"></Name>
          <PostalCode xsi:nil="true"></PostalCode>
          <PostOfficeBox xsi:nil="true"></PostOfficeBox>
          <PrimaryContactName xsi:nil="true"></PrimaryContactName>
          <ShippingMethodCode>1</ShippingMethodCode>
          <StateOrProvince xsi:nil="true"></StateOrProvince>
          <Telephone1 xsi:nil="true"></Telephone1>
          <Telephone2 xsi:nil="true"></Telephone2>
          <Telephone3 xsi:nil="true"></Telephone3>
          <TimeZoneRuleVersionNumber xsi:nil="true"></TimeZoneRuleVersionNumber>
          <UPSZone xsi:nil="true"></UPSZone>
          <UTCOffset xsi:nil="true"></UTCOffset>
          <UTCConversionTimeZoneCode xsi:nil="true"></UTCConversionTimeZoneCode>
        </Address>
        <Address>
          <AddressNumber>2</AddressNumber>
          <AddressTypeCode>1</AddressTypeCode>
          <City xsi:nil="true"></City>
          <County xsi:nil="true"></County>
          <Country xsi:nil="true"></Country>
          <Fax xsi:nil="true"></Fax>
          <FreightTermsCode xsi:nil="true"></FreightTermsCode>
          <ImportSequenceNumber xsi:nil="true"></ImportSequenceNumber>
          <Latitude xsi:nil="true"></Latitude>
          <Line1 xsi:nil="true"></Line1>
          <Line2 xsi:nil="true"></Line2>
          <Line3 xsi:nil="true"></Line3>
          <Longitude xsi:nil="true"></Longitude>
          <Name xsi:nil="true"></Name>
          <PostalCode xsi:nil="true"></PostalCode>
          <PostOfficeBox xsi:nil="true"></PostOfficeBox>
          <PrimaryContactName xsi:nil="true"></PrimaryContactName>
          <ShippingMethodCode>1</ShippingMethodCode>
          <StateOrProvince xsi:nil="true"></StateOrProvince>
          <Telephone1 xsi:nil="true"></Telephone1>
          <Telephone2 xsi:nil="true"></Telephone2>
          <Telephone3 xsi:nil="true"></Telephone3>
          <TimeZoneRuleVersionNumber xsi:nil="true"></TimeZoneRuleVersionNumber>
          <UPSZone xsi:nil="true"></UPSZone>
          <UTCOffset xsi:nil="true"></UTCOffset>
          <UTCConversionTimeZoneCode xsi:nil="true"></UTCConversionTimeZoneCode>
        </Address>
      </Addresses>
    </Publisher>
    <RootComponents>
      <RootComponent type="1" schemaName="adx_portalcomment" behavior="0" />
      <RootComponent type="9" schemaName="msfed_portalcommentstatus" behavior="0" />
      <RootComponent type="61" schemaName="msfed_/Scripts/msfed_portalcomment_form_main.js" behavior="0" />
    </RootComponents>
    <MissingDependencies>
      <MissingDependency>
        <Required type="1" schemaName="adx_portalcomment" displayName="Portal Comment" solution="PowerPages_RuntimeCore (1.0.2407.1)">
          <package appName="Power Pages Core Package" version="1.1.2508.192">PowerPages_Core (1.1.2508.192)</package>
        </Required>
        <Dependent type="1" schemaName="adx_portalcomment" displayName="Portal Comment" />
      </MissingDependency>
      <MissingDependency>
        <Required type="2" schemaName="adx_portalcommentdirectioncode" displayName="Direction" parentSchemaName="adx_portalcomment" parentDisplayName="Portal Comment" solution="PowerPages_RuntimeCore (1.0.2407.1)">
          <package appName="Power Pages Core Package" version="1.1.2508.192">PowerPages_Core (1.1.2508.192)</package>
        </Required>
        <Dependent type="29" displayName="MPM Portal Comment - Flip Status on Outgoing" id="{7e69cce1-d1d6-f011-8544-001dd8096189}" />
      </MissingDependency>
      <MissingDependency>
        <Required type="2" schemaName="adx_portalcommentdirectioncode" displayName="Direction" parentSchemaName="adx_portalcomment" parentDisplayName="Portal Comment" solution="PowerPages_RuntimeCore (1.0.2407.1)">
          <package appName="Power Pages Core Package" version="1.1.2508.192">PowerPages_Core (1.1.2508.192)</package>
        </Required>
        <Dependent type="29" displayName="MPM Portal Comment - Flip Status on Incoming" id="{df913dbb-d2d6-f011-8544-001dd8096189}" />
      </MissingDependency>
      <MissingDependency>
        <Required type="2" schemaName="adx_portalcommentdirectioncode" displayName="Direction" parentSchemaName="adx_portalcomment" parentDisplayName="Portal Comment" solution="PowerPages_RuntimeCore (1.0.2407.1)">
          <package appName="Power Pages Core Package" version="1.1.2508.192">PowerPages_Core (1.1.2508.192)</package>
        </Required>
        <Dependent type="60" displayName="Portal Comment for interactive experiance" parentDisplayName="Portal Comment" id="{16a535a3-5b32-4f80-b2c4-0eb5d5e5f8c3}" />
      </MissingDependency>
      <MissingDependency>
        <Required type="2" schemaName="adx_portalcommentdirectioncode" displayName="Direction" parentSchemaName="adx_portalcomment" parentDisplayName="Portal Comment" solution="PowerPages_RuntimeCore (1.0.2407.1)">
          <package appName="Power Pages Core Package" version="1.1.2508.192">PowerPages_Core (1.1.2508.192)</package>
        </Required>
        <Dependent type="60" displayName="Portal Comment" parentDisplayName="Portal Comment" id="{757a4ace-c057-406d-b1a9-1849bf6e5cfa}" />
      </MissingDependency>
      <MissingDependency>
        <Required type="2" schemaName="adx_portalcommentdirectioncode" displayName="Direction" parentSchemaName="adx_portalcomment" parentDisplayName="Portal Comment" solution="PowerPages_RuntimeCore (1.0.2407.1)">
          <package appName="Power Pages Core Package" version="1.1.2508.192">PowerPages_Core (1.1.2508.192)</package>
        </Required>
        <Dependent type="60" displayName="Portal Comment Reference Panel" parentDisplayName="Portal Comment" id="{93f23977-38c9-4faf-9fd3-250d8741a22e}" />
      </MissingDependency>
      <MissingDependency>
        <Required type="2" schemaName="createdon" displayName="Date Created" parentSchemaName="adx_portalcomment" parentDisplayName="Portal Comment" solution="PowerPages_RuntimeCore (1.0.2407.1)">
          <package appName="Power Pages Core Package" version="1.1.2508.192">PowerPages_Core (1.1.2508.192)</package>
        </Required>
        <Dependent type="29" displayName="MPM Portal Comment - Flip Status on Outgoing" id="{7e69cce1-d1d6-f011-8544-001dd8096189}" />
      </MissingDependency>
      <MissingDependency>
        <Required type="2" schemaName="createdon" displayName="Date Created" parentSchemaName="adx_portalcomment" parentDisplayName="Portal Comment" solution="PowerPages_RuntimeCore (1.0.2407.1)">
          <package appName="Power Pages Core Package" version="1.1.2508.192">PowerPages_Core (1.1.2508.192)</package>
        </Required>
        <Dependent type="29" displayName="MPM Portal Comment - Flip Status on Incoming" id="{df913dbb-d2d6-f011-8544-001dd8096189}" />
      </MissingDependency>
      <MissingDependency>
        <Required type="2" schemaName="createdon" displayName="Date Created" parentSchemaName="adx_portalcomment" parentDisplayName="Portal Comment" solution="PowerPages_RuntimeCore (1.0.2407.1)">
          <package appName="Power Pages Core Package" version="1.1.2508.192">PowerPages_Core (1.1.2508.192)</package>
        </Required>
        <Dependent type="60" displayName="Portal Comment Card" parentDisplayName="Portal Comment" id="{93778168-eb7b-47ae-8018-191c54237afb}" />
      </MissingDependency>
      <MissingDependency>
        <Required type="2" schemaName="description" displayName="Description" parentSchemaName="adx_portalcomment" parentDisplayName="Portal Comment" solution="PowerPages_RuntimeCore (1.0.2407.1)">
          <package appName="Power Pages Core Package" version="1.1.2508.192">PowerPages_Core (1.1.2508.192)</package>
        </Required>
        <Dependent type="60" displayName="Portal Comment for interactive experiance" parentDisplayName="Portal Comment" id="{16a535a3-5b32-4f80-b2c4-0eb5d5e5f8c3}" />
      </MissingDependency>
      <MissingDependency>
        <Required type="2" schemaName="description" displayName="Description" parentSchemaName="adx_portalcomment" parentDisplayName="Portal Comment" solution="PowerPages_RuntimeCore (1.0.2407.1)">
          <package appName="Power Pages Core Package" version="1.1.2508.192">PowerPages_Core (1.1.2508.192)</package>
        </Required>
        <Dependent type="60" displayName="Portal Comment" parentDisplayName="Portal Comment" id="{757a4ace-c057-406d-b1a9-1849bf6e5cfa}" />
      </MissingDependency>
      <MissingDependency>
        <Required type="2" schemaName="description" displayName="Description" parentSchemaName="adx_portalcomment" parentDisplayName="Portal Comment" solution="PowerPages_RuntimeCore (1.0.2407.1)">
          <package appName="Power Pages Core Package" version="1.1.2508.192">PowerPages_Core (1.1.2508.192)</package>
        </Required>
        <Dependent type="60" displayName="Portal Comment Card" parentDisplayName="Portal Comment" id="{93778168-eb7b-47ae-8018-191c54237afb}" />
      </MissingDependency>
      <MissingDependency>
        <Required type="2" schemaName="description" displayName="Description" parentSchemaName="adx_portalcomment" parentDisplayName="Portal Comment" solution="PowerPages_RuntimeCore (1.0.2407.1)">
          <package appName="Power Pages Core Package" version="1.1.2508.192">PowerPages_Core (1.1.2508.192)</package>
        </Required>
        <Dependent type="60" displayName="Portal Comment Reference Panel" parentDisplayName="Portal Comment" id="{93f23977-38c9-4faf-9fd3-250d8741a22e}" />
      </MissingDependency>
      <MissingDependency>
        <Required type="2" schemaName="prioritycode" displayName="Priority" parentSchemaName="adx_portalcomment" parentDisplayName="Portal Comment" solution="PowerPages_RuntimeCore (1.0.2407.1)">
          <package appName="Power Pages Core Package" version="1.1.2508.192">PowerPages_Core (1.1.2508.192)</package>
        </Required>
        <Dependent type="60" displayName="Portal Comment Reference Panel" parentDisplayName="Portal Comment" id="{93f23977-38c9-4faf-9fd3-250d8741a22e}" />
      </MissingDependency>
      <MissingDependency>
        <Required type="2" schemaName="senton" displayName="Date Sent" parentSchemaName="adx_portalcomment" parentDisplayName="Portal Comment" solution="PowerPages_RuntimeCore (1.0.2407.1)">
          <package appName="Power Pages Core Package" version="1.1.2508.192">PowerPages_Core (1.1.2508.192)</package>
        </Required>
        <Dependent type="29" displayName="MPM Portal Comment - Flip Status on Outgoing" id="{7e69cce1-d1d6-f011-8544-001dd8096189}" />
      </MissingDependency>
      <MissingDependency>
        <Required type="2" schemaName="senton" displayName="Date Sent" parentSchemaName="adx_portalcomment" parentDisplayName="Portal Comment" solution="PowerPages_RuntimeCore (1.0.2407.1)">
          <package appName="Power Pages Core Package" version="1.1.2508.192">PowerPages_Core (1.1.2508.192)</package>
        </Required>
        <Dependent type="29" displayName="MPM Portal Comment - Flip Status on Incoming" id="{df913dbb-d2d6-f011-8544-001dd8096189}" />
      </MissingDependency>
      <MissingDependency>
        <Required type="2" schemaName="statecode" displayName="Activity Status" parentSchemaName="adx_portalcomment" parentDisplayName="Portal Comment" solution="PowerPages_RuntimeCore (1.0.2407.1)">
          <package appName="Power Pages Core Package" version="1.1.2508.192">PowerPages_Core (1.1.2508.192)</package>
        </Required>
        <Dependent type="29" displayName="MPM Portal Comment - Flip Status on Incoming" id="{df913dbb-d2d6-f011-8544-001dd8096189}" />
      </MissingDependency>
      <MissingDependency>
        <Required type="2" schemaName="statecode" displayName="Activity Status" parentSchemaName="adx_portalcomment" parentDisplayName="Portal Comment" solution="PowerPages_RuntimeCore (1.0.2407.1)">
          <package appName="Power Pages Core Package" version="1.1.2508.192">PowerPages_Core (1.1.2508.192)</package>
        </Required>
        <Dependent type="60" displayName="Portal Comment Card" parentDisplayName="Portal Comment" id="{93778168-eb7b-47ae-8018-191c54237afb}" />
      </MissingDependency>
      <MissingDependency>
        <Required type="2" schemaName="statecode" displayName="Activity Status" parentSchemaName="adx_portalcomment" parentDisplayName="Portal Comment" solution="PowerPages_RuntimeCore (1.0.2407.1)">
          <package appName="Power Pages Core Package" version="1.1.2508.192">PowerPages_Core (1.1.2508.192)</package>
        </Required>
        <Dependent type="60" displayName="Portal Comment Reference Panel" parentDisplayName="Portal Comment" id="{93f23977-38c9-4faf-9fd3-250d8741a22e}" />
      </MissingDependency>
      <MissingDependency>
        <Required type="2" schemaName="statuscode" displayName="Status Reason" parentSchemaName="adx_portalcomment" parentDisplayName="Portal Comment" solution="PowerPages_RuntimeCore (1.0.2407.1)">
          <package appName="Power Pages Core Package" version="1.1.2508.192">PowerPages_Core (1.1.2508.192)</package>
        </Required>
        <Dependent type="2" schemaName="msfed_portalcommentstatus" displayName="Portal Comment Status" parentSchemaName="adx_portalcomment" parentDisplayName="Portal Comment" />
      </MissingDependency>
      <MissingDependency>
        <Required type="2" schemaName="statuscode" displayName="Status Reason" parentSchemaName="adx_portalcomment" parentDisplayName="Portal Comment" solution="PowerPages_RuntimeCore (1.0.2407.1)">
          <package appName="Power Pages Core Package" version="1.1.2508.192">PowerPages_Core (1.1.2508.192)</package>
        </Required>
        <Dependent type="29" displayName="MPM Portal Comment - Flip Status on Outgoing" id="{7e69cce1-d1d6-f011-8544-001dd8096189}" />
      </MissingDependency>
      <MissingDependency>
        <Required type="2" schemaName="statuscode" displayName="Status Reason" parentSchemaName="adx_portalcomment" parentDisplayName="Portal Comment" solution="PowerPages_RuntimeCore (1.0.2407.1)">
          <package appName="Power Pages Core Package" version="1.1.2508.192">PowerPages_Core (1.1.2508.192)</package>
        </Required>
        <Dependent type="29" displayName="MPM Portal Comment - Flip Status on Incoming" id="{df913dbb-d2d6-f011-8544-001dd8096189}" />
      </MissingDependency>
      <MissingDependency>
        <Required type="2" schemaName="statuscode" displayName="Status Reason" parentSchemaName="adx_portalcomment" parentDisplayName="Portal Comment" solution="PowerPages_RuntimeCore (1.0.2407.1)">
          <package appName="Power Pages Core Package" version="1.1.2508.192">PowerPages_Core (1.1.2508.192)</package>
        </Required>
        <Dependent type="60" displayName="Portal Comment for interactive experiance" parentDisplayName="Portal Comment" id="{16a535a3-5b32-4f80-b2c4-0eb5d5e5f8c3}" />
      </MissingDependency>
      <MissingDependency>
        <Required type="2" schemaName="statuscode" displayName="Status Reason" parentSchemaName="adx_portalcomment" parentDisplayName="Portal Comment" solution="PowerPages_RuntimeCore (1.0.2407.1)">
          <package appName="Power Pages Core Package" version="1.1.2508.192">PowerPages_Core (1.1.2508.192)</package>
        </Required>
        <Dependent type="60" displayName="Portal Comment" parentDisplayName="Portal Comment" id="{757a4ace-c057-406d-b1a9-1849bf6e5cfa}" />
      </MissingDependency>
      <MissingDependency>
        <Required type="2" schemaName="statuscode" displayName="Status Reason" parentSchemaName="adx_portalcomment" parentDisplayName="Portal Comment" solution="PowerPages_RuntimeCore (1.0.2407.1)">
          <package appName="Power Pages Core Package" version="1.1.2508.192">PowerPages_Core (1.1.2508.192)</package>
        </Required>
        <Dependent type="60" displayName="Portal Comment Card" parentDisplayName="Portal Comment" id="{93778168-eb7b-47ae-8018-191c54237afb}" />
      </MissingDependency>
      <MissingDependency>
        <Required type="2" schemaName="subject" displayName="Subject" parentSchemaName="adx_portalcomment" parentDisplayName="Portal Comment" solution="PowerPages_RuntimeCore (1.0.2407.1)">
          <package appName="Power Pages Core Package" version="1.1.2508.192">PowerPages_Core (1.1.2508.192)</package>
        </Required>
        <Dependent type="29" displayName="MPM Portal Comment - Flip Status on Outgoing" id="{7e69cce1-d1d6-f011-8544-001dd8096189}" />
      </MissingDependency>
      <MissingDependency>
        <Required type="2" schemaName="subject" displayName="Subject" parentSchemaName="adx_portalcomment" parentDisplayName="Portal Comment" solution="PowerPages_RuntimeCore (1.0.2407.1)">
          <package appName="Power Pages Core Package" version="1.1.2508.192">PowerPages_Core (1.1.2508.192)</package>
        </Required>
        <Dependent type="29" displayName="MPM Portal Comment - Flip Status on Incoming" id="{df913dbb-d2d6-f011-8544-001dd8096189}" />
      </MissingDependency>
      <MissingDependency>
        <Required type="2" schemaName="subject" displayName="Subject" parentSchemaName="adx_portalcomment" parentDisplayName="Portal Comment" solution="PowerPages_RuntimeCore (1.0.2407.1)">
          <package appName="Power Pages Core Package" version="1.1.2508.192">PowerPages_Core (1.1.2508.192)</package>
        </Required>
        <Dependent type="60" displayName="Portal Comment for interactive experiance" parentDisplayName="Portal Comment" id="{16a535a3-5b32-4f80-b2c4-0eb5d5e5f8c3}" />
      </MissingDependency>
      <MissingDependency>
        <Required type="2" schemaName="subject" displayName="Subject" parentSchemaName="adx_portalcomment" parentDisplayName="Portal Comment" solution="PowerPages_RuntimeCore (1.0.2407.1)">
          <package appName="Power Pages Core Package" version="1.1.2508.192">PowerPages_Core (1.1.2508.192)</package>
        </Required>
        <Dependent type="60" displayName="Portal Comment" parentDisplayName="Portal Comment" id="{757a4ace-c057-406d-b1a9-1849bf6e5cfa}" />
      </MissingDependency>
      <MissingDependency>
        <Required type="2" schemaName="subject" displayName="Subject" parentSchemaName="adx_portalcomment" parentDisplayName="Portal Comment" solution="PowerPages_RuntimeCore (1.0.2407.1)">
          <package appName="Power Pages Core Package" version="1.1.2508.192">PowerPages_Core (1.1.2508.192)</package>
        </Required>
        <Dependent type="60" displayName="Portal Comment Card" parentDisplayName="Portal Comment" id="{93778168-eb7b-47ae-8018-191c54237afb}" />
      </MissingDependency>
      <MissingDependency>
        <Required type="2" schemaName="subject" displayName="Subject" parentSchemaName="adx_portalcomment" parentDisplayName="Portal Comment" solution="PowerPages_RuntimeCore (1.0.2407.1)">
          <package appName="Power Pages Core Package" version="1.1.2508.192">PowerPages_Core (1.1.2508.192)</package>
        </Required>
        <Dependent type="60" displayName="Portal Comment Reference Panel" parentDisplayName="Portal Comment" id="{93f23977-38c9-4faf-9fd3-250d8741a22e}" />
      </MissingDependency>
      <MissingDependency>
        <Required type="60" displayName="Portal Comment for interactive experiance" parentDisplayName="Portal Comment" solution="PowerPages_RuntimeCore (1.0.2407.1)" id="{16a535a3-5b32-4f80-b2c4-0eb5d5e5f8c3}">
          <package appName="Power Pages Core Package" version="1.1.2508.192">PowerPages_Core (1.1.2508.192)</package>
        </Required>
        <Dependent type="60" displayName="Portal Comment for interactive experiance" parentDisplayName="Portal Comment" id="{16a535a3-5b32-4f80-b2c4-0eb5d5e5f8c3}" />
      </MissingDependency>
      <MissingDependency>
        <Required type="60" displayName="Portal Comment" parentDisplayName="Portal Comment" solution="PowerPages_RuntimeCore (1.0.2407.1)" id="{757a4ace-c057-406d-b1a9-1849bf6e5cfa}">
          <package appName="Power Pages Core Package" version="1.1.2508.192">PowerPages_Core (1.1.2508.192)</package>
        </Required>
        <Dependent type="60" displayName="Portal Comment" parentDisplayName="Portal Comment" id="{757a4ace-c057-406d-b1a9-1849bf6e5cfa}" />
      </MissingDependency>
      <MissingDependency>
        <Required type="60" displayName="Portal Comment Reference Panel" parentDisplayName="Portal Comment" solution="PowerPages_RuntimeCore (1.0.2407.1)" id="{93f23977-38c9-4faf-9fd3-250d8741a22e}">
          <package appName="Power Pages Core Package" version="1.1.2508.192">PowerPages_Core (1.1.2508.192)</package>
        </Required>
        <Dependent type="60" displayName="Portal Comment Reference Panel" parentDisplayName="Portal Comment" id="{93f23977-38c9-4faf-9fd3-250d8741a22e}" />
      </MissingDependency>
      <MissingDependency>
        <Required type="61" schemaName="adx_portalcomment_form.js" displayName="adx_portalcomment_form.js" solution="PowerPages_RuntimeCore (1.0.2407.1)">
          <package appName="Power Pages Core Package" version="1.1.2508.192">PowerPages_Core (1.1.2508.192)</package>
        </Required>
        <Dependent type="60" displayName="Portal Comment" parentDisplayName="Portal Comment" id="{757a4ace-c057-406d-b1a9-1849bf6e5cfa}" />
      </MissingDependency>
    </MissingDependencies>
  </SolutionManifest>
</ImportExportXml>