<ImportExportXml xmlns:xsi="http://www.w3.org/2001/XMLSchema-instance" OrganizationVersion="9.2.25112.144" OrganizationSchemaType="Standard" CRMServerServiceabilityVersion="9.2.25112.00146">
  <Entities>
    <Entity>
      <Name LocalizedName="Portal Comment" OriginalName="Portal Comment">adx_portalcomment</Name>
      <EntityInfo>
        <entity Name="adx_portalcomment">
          <attributes>
            <attribute PhysicalName="msfed_HasRead">
              <Type>bit</Type>
              <Name>msfed_hasread</Name>
              <LogicalName>msfed_hasread</LogicalName>
              <RequiredLevel>none</RequiredLevel>
              <DisplayMask>ValidForAdvancedFind|ValidForForm|ValidForGrid</DisplayMask>
              <ImeMode>auto</ImeMode>
              <ValidForUpdateApi>1</ValidForUpdateApi>
              <ValidForReadApi>1</ValidForReadApi>
              <ValidForCreateApi>1</ValidForCreateApi>
              <IsCustomField>1</IsCustomField>
              <IsAuditEnabled>1</IsAuditEnabled>
              <IsSecured>0</IsSecured>
              <IntroducedVersion>1.0.0.0</IntroducedVersion>
              <IsCustomizable>1</IsCustomizable>
              <IsRenameable>1</IsRenameable>
              <CanModifySearchSettings>1</CanModifySearchSettings>
              <CanModifyRequirementLevelSettings>1</CanModifyRequirementLevelSettings>
              <CanModifyAdditionalSettings>1</CanModifyAdditionalSettings>
              <SourceType>0</SourceType>
              <IsGlobalFilterEnabled>0</IsGlobalFilterEnabled>
              <IsSortableEnabled>0</IsSortableEnabled>
              <CanModifyGlobalFilterSettings>1</CanModifyGlobalFilterSettings>
              <CanModifyIsSortableSettings>1</CanModifyIsSortableSettings>
              <IsDataSourceSecret>0</IsDataSourceSecret>
              <AutoNumberFormat></AutoNumberFormat>
              <IsSearchable>0</IsSearchable>
              <IsFilterable>0</IsFilterable>
              <IsRetrievable>0</IsRetrievable>
              <IsLocalizable>0</IsLocalizable>
              <AppDefaultValue>0</AppDefaultValue>
              <optionset Name="msfed_adx_portalcomment_msfed_hasread">
                <OptionSetType>bit</OptionSetType>
                <IntroducedVersion>1.0.0.0</IntroducedVersion>
                <IsCustomizable>1</IsCustomizable>
                <ExternalTypeName></ExternalTypeName>
                <displaynames>
                  <displayname description="Has Read" languagecode="1033" />
                </displaynames>
                <Descriptions>
                  <Description description="" languagecode="1033" />
                </Descriptions>
                <options>
                  <option value="1" ExternalValue="" IsHidden="0">
                    <labels>
                      <label description="Yes" languagecode="1033" />
                    </labels>
                  </option>
                  <option value="0" ExternalValue="" IsHidden="0">
                    <labels>
                      <label description="No" languagecode="1033" />
                    </labels>
                  </option>
                </options>
              </optionset>
              <displaynames>
                <displayname description="Has Read" languagecode="1033" />
              </displaynames>
              <Descriptions>
                <Description description="A Boolean field denoting whether or not the portal user has read the message on the portal." languagecode="1033" />
              </Descriptions>
            </attribute>
          </attributes>
        </entity>
      </EntityInfo>
      <FormXml>
        <forms type="main">
          <systemform>
            <formid>{757a4ace-c057-406d-b1a9-1849bf6e5cfa}</formid>
            <IntroducedVersion>1.0.0.0</IntroducedVersion>
            <FormPresentation>1</FormPresentation>
            <FormActivationState>1</FormActivationState>
            <form headerdensity="HighWithControls" solutionaction="Modified">
              <header id="{ae31fc62-a762-4415-abde-69df768a1405}" celllabelposition="Top" columns="1111" labelwidth="115">
                <rows>
                  <row>
                    <cell id="{26b29490-240c-1581-3be6-2e724d2beb77}" showlabel="true" locklevel="0" labelid="{a42664a7-7acd-4cd8-9c8c-7d61bb4cdd96}" ordinalvalue="20001">
                      <control id="header_adx_portalcommentdirectioncode" classid="{3EF39988-22BB-4f0b-BBBE-64B5A3748AEE}" datafieldname="adx_portalcommentdirectioncode" disabled="true" solutionaction="Modified" />
                    </cell>
                    <cell id="{647d57e0-a595-46d0-baee-fbb619391255}" labelid="{131a2561-ba99-41fd-9275-16b708647682}" colspan="1" rowspan="1" ordinalvalue="40003" solutionaction="Modified">
                      <control id="header_ownerid" classid="{270BD3DB-D9AF-4782-9025-509E298DEC0A}" datafieldname="ownerid" disabled="true" solutionaction="Modified" />
                    </cell>
                  </row>
                  <row>
                    <cell id="{4bd7d5a7-5e27-46d5-a8ec-1fb1025ad6aa}" locklevel="0" colspan="1" rowspan="1" ordinalvalue="50004" solutionaction="Added">
                      <labels>
                        <label description="Has Read" languagecode="1033" />
                      </labels>
                      <control id="header_msfed_hasread" classid="{67FAC785-CD58-4F9F-ABB3-4B7DDC6ED5ED}" datafieldname="msfed_hasread" disabled="true" />
                    </cell>
                  </row>
                </rows>
              </header>
              <footer id="{f5b67094-3224-474d-9901-c58b59325617}" celllabelposition="Top" columns="111" labelwidth="115" celllabelalignment="Left" solutionaction="Added">
                <rows>
                  <row>
                    <cell id="{4d4ef98d-62a6-4b23-9d23-7a926817006b}" showlabel="false" ordinalvalue="10000">
                      <labels>
                        <label description="" languagecode="1033" />
                      </labels>
                    </cell>
                    <cell id="{792bcf74-d4bc-4813-b8ca-3527df8b5564}" showlabel="false" ordinalvalue="20001">
                      <labels>
                        <label description="" languagecode="1033" />
                      </labels>
                    </cell>
                    <cell id="{865373ec-d490-4561-8346-7c5ef7ab3e4b}" showlabel="false" ordinalvalue="30002">
                      <labels>
                        <label description="" languagecode="1033" />
                      </labels>
                    </cell>
                  </row>
                </rows>
              </footer>
            </form>
            <LocalizedNames>
              <LocalizedName description="Portal Comment" languagecode="1033" />
            </LocalizedNames>
            <Descriptions>
              <Description description="Default portal comment form." languagecode="1033" />
            </Descriptions>
          </systemform>
        </forms>
      </FormXml>
      <RibbonDiffXml>
        <CustomActions />
        <Templates>
          <RibbonTemplates Id="Mscrm.Templates"></RibbonTemplates>
        </Templates>
        <CommandDefinitions />
        <RuleDefinitions>
          <TabDisplayRules />
          <DisplayRules />
          <EnableRules />
        </RuleDefinitions>
        <LocLabels />
      </RibbonDiffXml>
    </Entity>
  </Entities>
  <Roles></Roles>
  <Workflows></Workflows>
  <FieldSecurityProfiles></FieldSecurityProfiles>
  <Templates />
  <EntityMaps />
  <EntityRelationships />
  <OrganizationSettings />
  <optionsets />
  <CustomControls />
  <EntityDataProviders />
  <Languages>
    <Language>1033</Language>
  </Languages>
</ImportExportXml>